﻿<parameters>
  <parameter name="IIS Web Application Name" defaultValue="Default Web Site/CSMSys.Web_deploy" tags="IisApp">
    <parameterEntry kind="ProviderPath" scope="IisApp" match="^F:\\CSMSys\\CSMSys\.Web\\obj\\Debug\\Package\\PackageTmp$" />
    <parameterEntry kind="ProviderPath" scope="setAcl" match="^F:\\CSMSys\\CSMSys\.Web\\obj\\Debug\\Package\\PackageTmp$" />
  </parameter>
  <parameter name="Add write permission to App_Data Folder" description="Add write permission to App_Data folder" defaultValue="{IIS Web Application Name}/App_Data" tags="Hidden">
    <parameterEntry kind="ProviderPath" scope="setAcl" match="^F:\\CSMSys\\CSMSys\.Web\\obj\\Debug\\Package\\PackageTmp\\App_Data$" />
  </parameter>
  <parameter name="CSMSysConnection-Web.config Connection String" description="CSMSysConnection Connection String used in web.config by the application to access the database." defaultValue="Data Source=SIGRASRV;Initial Catalog=CSMSys;Persist Security Info=False;Integrated Security=False;User ID=sa;Password=srv2@vertex" tags="SqlConnectionString">
    <parameterEntry kind="XmlFile" scope="obj\\Debug\\Package\\PackageTmp\\Web\.config$" match="/configuration/connectionStrings/add[@name='CSMSysConnection']/@connectionString" />
  </parameter>
</parameters>